zone_id,mean_co2,mean_pred_co2,mean_scenario_co2,mean_saving_ppm,severe_hours,mean_reward
Zone_003,588.629,569.754,569.754,0.0,55,24.159
Zone_002,575.829,569.754,569.754,0.0,34,23.494
Zone_005,572.955,569.754,569.754,0.0,39,27.17
Zone_010,572.76,569.754,569.754,0.0,40,21.339
Zone_008,571.416,569.754,569.754,0.0,40,24.535
Zone_001,568.427,569.754,569.754,0.0,44,25.568
Zone_004,568.419,569.754,569.754,0.0,34,32.319
Zone_006,556.789,569.754,569.754,0.0,28,22.963
Zone_007,555.956,569.754,569.754,0.0,33,23.729
Zone_009,553.375,569.754,569.754,0.0,28,27.291
