,count,mean,std,min,25%,50%,75%,max
latitude,1500.0,37.7747,0.0433,37.7,37.7376,37.7749,37.8111,37.8499
longitude,1500.0,-122.4257,0.0433,-122.5,-122.4629,-122.4261,-122.3884,-122.3501
wind_speed_ms,1500.0,6.1858,3.2974,0.5,3.34,6.085,9.0125,11.99
wind_direction_deg,1500.0,178.9679,104.3228,0.1,87.575,176.55,272.675,359.8
temperature_c,1500.0,22.0719,7.1235,10.0,15.9,21.8,27.825,35.0
humidity_pct,1500.0,62.0379,18.3321,30.0,46.6,62.2,77.45,95.0
traffic_emission_rate_kg_h,1500.0,279.5107,129.3239,50.96,170.015,278.745,393.7075,499.85
industrial_emission_rate_kg_h,1500.0,643.4486,324.0236,100.17,354.95,636.385,930.8075,1198.73
rl_traffic_signal_offset_s,1500.0,-0.1,17.5329,-30.0,-15.0,0.0,15.0,30.0
rl_green_corridor_active,1500.0,0.3893,0.4878,0.0,0.0,0.0,1.0,1.0
rl_ventilation_control_mw,1500.0,2.5092,1.4096,0.0,1.33,2.51,3.67,4.99
co2_concentration_ppm,1500.0,568.7783,101.6405,400.15,476.71,569.12,655.28,749.89
pm25_ug_m3,1500.0,64.5646,31.6296,10.0,37.1925,63.945,91.7175,119.93
reward_value,1500.0,25.175,44.0581,-49.86,-13.15,25.77,64.84,99.92
