zone_id,records,mean_co2_ppm,mean_pm25,mean_traffic_emission,mean_industrial_emission,mean_reward
Zone_003,161,588.629,64.18,291.069,663.196,24.159
Zone_002,137,575.829,62.699,283.295,647.571,23.494
Zone_005,160,572.955,61.567,276.715,626.183,27.17
Zone_010,157,572.76,65.842,276.185,627.662,21.339
Zone_008,155,571.416,62.282,281.958,609.661,24.535
Zone_001,172,568.427,65.644,267.653,642.391,25.568
Zone_004,129,568.419,65.967,274.395,668.0,32.319
Zone_006,138,556.789,65.499,291.256,645.755,22.963
Zone_007,147,555.956,64.073,274.673,642.082,23.729
Zone_009,144,553.375,68.225,279.515,668.665,27.291
