,co2_concentration_ppm,pm25_ug_m3,reward_value
wind_speed_ms,-0.0088,0.0263,-0.0023
wind_direction_deg,-0.0136,0.031,0.0058
temperature_c,-0.0231,-0.0479,0.0067
humidity_pct,0.0329,0.0296,-0.008
traffic_emission_rate_kg_h,0.0009,-0.0221,-0.0035
industrial_emission_rate_kg_h,0.001,0.0082,-0.0218
rl_traffic_signal_offset_s,0.011,0.0145,0.0118
rl_green_corridor_active,-0.0002,-0.0404,-0.0226
rl_ventilation_control_mw,0.0249,0.0354,0.0015
co2_concentration_ppm,1.0,-0.0213,-0.0234
pm25_ug_m3,-0.0213,1.0,-0.0074
reward_value,-0.0234,-0.0074,1.0
hour,0.0152,-0.0207,-0.0267
day,0.014,0.0005,-0.0278
month,0.037,-0.0283,-0.0205
weekday,-0.0606,0.0201,-0.0097
is_weekend,-0.037,0.0271,-0.0228
hour_sin,-0.0166,0.0083,0.0112
hour_cos,0.0173,0.0351,0.0347
wind_dir_sin,-0.002,-0.0295,-0.0309
wind_dir_cos,0.002,0.0216,0.0137
total_emission_kg_h,0.0012,-0.0006,-0.0215
emission_per_wind,0.0084,-0.0185,-0.0101
ventilation_index,0.0168,0.0253,0.004
heat_humidity_index,0.0095,-0.0161,-0.0089
traffic_share,0.0062,-0.0131,0.0198
co2_lag1,0.0157,-0.0094,-0.0079
pm25_lag1,-0.0388,-0.0414,0.02
co2_roll3,0.0164,-0.0032,-0.0184
emission_roll3,-0.0214,-0.0026,0.0203
