hour,co2_concentration_ppm,pm25_ug_m3,reward_value,traffic_emission_rate_kg_h
0,572.233,70.767,28.169,281.819
1,573.507,61.029,30.165,286.137
2,558.329,68.101,25.528,314.577
3,575.368,67.221,27.487,271.108
4,554.315,63.56,26.149,263.271
5,578.099,71.359,28.005,263.746
6,565.727,67.206,32.204,277.628
7,575.856,61.135,24.154,283.906
8,553.86,56.25,26.998,313.49
9,571.575,61.87,15.619,264.308
10,569.426,65.983,25.36,298.381
11,563.618,68.121,28.709,267.527
12,564.421,61.641,15.151,290.141
13,556.884,58.541,24.15,284.041
14,555.074,69.427,24.686,292.698
15,580.373,70.439,18.325,293.041
16,586.787,58.057,25.391,258.903
17,562.582,61.728,19.68,257.387
18,589.064,59.891,28.684,268.525
19,555.149,61.225,41.487,302.026
20,558.466,69.576,24.133,266.084
21,583.968,66.547,16.792,271.371
22,562.824,69.238,21.838,275.472
23,583.39,60.514,25.072,262.156
