,importance
pm25_lag1,0.054017
ventilation_index,0.05274
humidity_pct,0.050898
temperature_c,0.049894
traffic_emission_rate_kg_h,0.049436
co2_lag1,0.04849
co2_roll3,0.048329
emission_roll3,0.047421
rl_ventilation_control_mw,0.042977
heat_humidity_index,0.041482
wind_dir_cos,0.040927
rl_traffic_signal_offset_s,0.040664
wind_dir_sin,0.040602
wind_speed_ms,0.039486
traffic_share,0.039039
wind_direction_deg,0.038399
day,0.037462
emission_per_wind,0.037216
industrial_emission_rate_kg_h,0.034961
total_emission_kg_h,0.033658
hour,0.026238
hour_sin,0.023279
hour_cos,0.021072
weekday,0.018714
rl_green_corridor_active,0.006693
month,0.004985
zone_Zone_009,0.003937
zone_Zone_008,0.003529
zone_Zone_005,0.003144
zone_Zone_001,0.003047
zone_Zone_007,0.002707
zone_Zone_003,0.002634
zone_Zone_006,0.002527
zone_Zone_004,0.002476
is_weekend,0.002386
zone_Zone_010,0.002286
zone_Zone_002,0.002248
