timestamp,zone_id,co2_concentration_ppm,traffic_emission_rate_kg_h,wind_speed_ms
2026-02-26 23:00:00,Zone_009,749.89,375.86,4.93
2026-01-31 08:00:00,Zone_002,749.55,141.11,6.65
2026-02-07 07:00:00,Zone_001,749.4,418.62,5.44
2026-02-06 11:00:00,Zone_010,748.89,372.94,4.49
2026-01-22 13:00:00,Zone_005,748.7,249.38,1.34
2026-02-23 00:00:00,Zone_002,748.09,240.66,4.72
2026-02-03 23:00:00,Zone_002,748.07,303.84,7.37
2026-01-07 11:00:00,Zone_005,748.0,436.47,2.99
2026-02-14 20:00:00,Zone_001,747.8,172.89,2.85
2026-02-23 21:00:00,Zone_009,747.61,376.75,8.47
